nombre;precio
nacional:Hasta 250g;0.0
nacional:Más de 250g hasta 500;0.0
nacional:Más de 500g hasta 1K;0.0
nacional:Más de 1Kg hasta 1,5K;0.0
nacional:Más de 1,5Kg hasta 2K;0.0
nacional:Más de 2Kg hasta 3Kg;0.0
nacional:Más de 3Kg hasta 4Kg;0.0
nacional:Más de 4Kg hasta 5Kg;0.0
nacional:Más de 5Kg hasta 6Kg;0.0
nacional:Más de 7Kg hasta 8Kg;0.0
nacional:Más de 9Kg hasta 10Kg;0.0
nacional:Más de 11Kg hasta 12Kg;0.0
nacional:Más de 13Kg hasta 14Kg;0.0
nacional:Más de 15Kg hasta 16Kg;0.0
nacional:Más de 17Kg hasta 18Kg;0.0
nacional:Más de 3Kg hasta 4Kg;0.0
nacional:Más de 3Kg hasta 4Kg;0.0
nacional:Más de 3Kg hasta 4Kg;0.0
nacional:Más de 3Kg hasta 4Kg;0.0
nacional:Más de 3Kg hasta 4Kg;0.0
nacional:Más de 3Kg hasta 4Kg;0.0
nacional:Más de 3Kg hasta 4Kg;0.0
nacional:Más de 3Kg hasta 4Kg;0.0
nacional:Más de 3Kg hasta 4Kg;0.0
nacional:Más de 3Kg hasta 4Kg;0.0
nacional:Más de 3Kg hasta 4Kg;0.0
nacional:Más de 3Kg hasta 4Kg;0.0
nacional:Más de 3Kg hasta 4Kg;0.0
nacional:Más de 3Kg hasta 4Kg;0.0
nacional:Más de 3Kg hasta 4Kg;0.0
nacional:Más de 3Kg hasta 4Kg;0.0
nacional:Más de 3Kg hasta 4Kg;0.0
nacional:Más de 3Kg hasta 4Kg;0.0
premiumZonaEU1:Hasta 250g;32.19
premiumZonaEU1:Más de 250g hasta 500;36.49
premiumZonaEU1:Más de 500g hasta 1K;42.89
premiumZonaEU1:Más de 1Kg hasta 1,5K;47.15
premiumZonaEU1:Más de 1,5Kg hasta 2K;47.15
premiumZonaEU1:Más de 2Kg hasta 30Kg:;4.26
premiumZonaEU2:Hasta 250g;35.00
premiumZonaEU2:Más de 250g hasta 500;39.67
premiumZonaEU2:Más de 500g hasta 1K;46.65
premiumZonaEU2:Más de 1Kg hasta 1,5K;52.39
premiumZonaEU2:Más de 1,5Kg hasta 2K;52.39
premiumZonaEU2:Más de 2Kg hasta 30Kg:;5.74
premiumZonaAM:Hasta 250g;44.65
premiumZonaAM:Más de 250g hasta 500;51.00
premiumZonaAM:Más de 500g hasta 1K;63.80
premiumZonaAM:Más de 1Kg hasta 1,5K;74.80
premiumZonaAM:Más de 1,5Kg hasta 2K;74.80
premiumZonaAM:Más de 2Kg hasta 30Kg:;11.00
premiumZonaASOC:Hasta 250g;50.45
premiumZonaASOC:Más de 250g hasta 500;57.65
premiumZonaASOC:Más de 500g hasta 1K;72.10
premiumZonaASOC:Más de 1Kg hasta 1,5K;83.95
premiumZonaASOC:Más de 1,5Kg hasta 2K;83.95
premiumZonaASOC:Más de 2Kg hasta 30Kg:;11.85
premiumZonaAF:Hasta 250g;51.90
premiumZonaAF:Más de 250g hasta 500;59.35
premiumZonaAF:Más de 500g hasta 1K;74.20
premiumZonaAF:Más de 1Kg hasta 1,5K;86.15
premiumZonaAF:Más de 1,5Kg hasta 2K;86.15
premiumZonaAF:Más de 2Kg hasta 30Kg:;11.95
standardZonaEU1:Hasta 250g;26.53
standardZonaEU1:Más de 250g hasta 500;26.53
standardZonaEU1:Más de 500g hasta 1K;26.53
standardZonaEU1:Más de 1Kg hasta 1,5K;29.30
standardZonaEU1:Más de 1,5Kg hasta 2K;29.30
standardZonaEU1:Más de 2Kg hasta 30Kg:;2.77
standardZonaEU2:Hasta 250g;27.89
standardZonaEU2:Más de 250g hasta 500;27.89
standardZonaEU2:Más de 500g hasta 1K;27.89
standardZonaEU2:Más de 1Kg hasta 1,5K;31.53
standardZonaEU2:Más de 1,5Kg hasta 2K;31.53
standardZonaEU2:Más de 2Kg hasta 30Kg:;3.64
standardZonaEU3:Hasta 250g;27.77
standardZonaEU3:Más de 250g hasta 500;27.77
standardZonaEU3:Más de 500g hasta 1K;27.77
standardZonaEU3:Más de 1Kg hasta 1,5K;37.89
standardZonaEU3:Más de 1,5Kg hasta 2K;37.89
standardZonaEU3:Más de 2Kg hasta 30Kg:;10.12
standardZonaASOC:Hasta 250g;36.85
standardZonaASOC:Más de 250g hasta 500;36.85
standardZonaASOC:Más de 500g hasta 1K;36.85
standardZonaASOC:Más de 1Kg hasta 1,5K;46.40
standardZonaASOC:Más de 1,5Kg hasta 2K;46.40
standardZonaASOC:Más de 2Kg hasta 30Kg:;9.55
standardZonaASOC2:Hasta 250g;43.60
standardZonaASOC2:Más de 250g hasta 500;43.60
standardZonaASOC2:Más de 500g hasta 1K;43.60
standardZonaASOC2:Más de 1Kg hasta 1,5K;54.05
standardZonaASOC2:Más de 1,5Kg hasta 2K;54.05
standardZonaASOC2:Más de 2Kg hasta 30Kg:;10.45
standardZonaAF:Hasta 250g;43.60
standardZonaAF:Más de 250g hasta 500;43.60
standardZonaAF:Más de 500g hasta 1K;43.60
standardZonaAF:Más de 1Kg hasta 1,5K;59.05
standardZonaAF:Más de 1,5Kg hasta 2K;59.05
standardZonaAF:Más de 2Kg hasta 30Kg:;15.45
